taskId,subset,loss_train,loss_eval
007bbfb7,train,0.1017919778823852,0.225934237241745
00d62c1b,train,0.0539345405995845,0.2336487472057342
017c7c7b,train,0.0105885071679949,0.011403695680201
025d127b,train,0.0824187472462654,0.0486808158457279
045e512c,train,0.097939632833004,0.1463682204484939
0520fde7,train,0.0035260959994047,0.0041482527740299
05269061,train,0.070771686732769,0.0383569672703743
05f2a901,train,0.0316361933946609,0.0353895463049411
06df4c85,train,0.6887820959091187,0.9368515610694884
08ed6ac7,train,0.0121119739487767,0.0185055024921894
09629e4f,train,0.1413433700799942,0.1328520029783249
0962bcdd,train,0.129676878452301,0.0920962840318679
0a938d79,train,0.1643462181091308,0.1524777114391327
0b148d64,train,0.1413572430610656,0.034854806959629
0ca9ddb6,train,0.0558115616440773,0.0644768103957176
0d3d703e,train,0.0187411177903413,0.016562120988965
0dfd9992,train,0.6876315474510193,1.1271384954452517
0e206a2e,train,0.0532760135829448,0.0676129609346389
10fcaaa3,train,0.1467345505952835,0.313509464263916
11852cab,train,0.0384038016200065,0.0177090764045715
1190e5a7,train,0.0460274964570999,0.0217520277947187
137eaa0f,train,0.0385898649692535,0.0541907995939254
150deff5,train,0.0639125555753707,0.0795461237430572
178fcbfb,train,0.0371911786496639,0.0673463717103004
1a07d186,train,0.0581230223178863,0.1254223436117172
1b2d62fb,train,0.0282162372022867,0.0318559743463993
1b60fb0c,train,0.0139550473541021,0.0138347502797842
1bfc4729,train,0.1203500404953956,0.1331319212913513
1c786137,train,0.1386940479278564,0.2611797451972961
1caeab9d,train,0.0143160000443458,0.0261601042002439
1cf80156,train,0.0336734801530838,0.0697268024086952
1e0a9b12,train,0.0207662153989076,0.019342228770256
1e32b0e9,train,0.2498936355113983,0.9045647382736206
1f0c79e5,train,0.0896039307117462,0.1658959686756134
1f642eb9,train,0.0532755069434642,0.084335446357727
1f85a75f,train,0.0352822765707969,0.0314716286957263
1f876c06,train,0.0891030058264732,0.1175981909036636
1fad071e,train,0.0055267922580242,0.0051833274774253
2013d3e2,train,0.0307279359549283,0.0292226932942867
2204b7a8,train,0.0625878348946571,0.0977170169353485
22168020,train,0.0872198939323425,0.1250592470169067
22233c11,train,0.0386486873030662,0.0970147550106048
2281f1f4,train,0.0400373116135597,0.0685716122388839
228f6490,train,0.170617401599884,0.1295216381549835
22eb0ac0,train,0.0572801232337951,0.092435210943222
234bbc79,train,0.019691877067089,0.0334784276783466
23581191,train,0.1733608245849609,0.1907396912574768
239be575,train,0.0044638756662607,0.004489554092288
23b5c85d,train,0.045171570032835,0.0569757223129272
253bf280,train,0.0311076268553733,0.0790452510118484
25d487eb,train,0.0392256528139114,0.1135014742612838
25d8a9c8,train,0.012759611941874,0.0225432720035314
25ff71a9,train,0.001453973352909,0.0018153610872104
264363fd,train,2.1655430793762207,1.3450864553451538
272f95fa,train,0.323806881904602,0.5488361120223999
27a28665,train,0.0029207256156951,0.0033414531499147
28bf18c6,train,0.0358823537826538,0.0242952518165111
28e73c20,train,0.090677835047245,0.3014708459377289
29623171,train,0.0975770950317382,0.1307088136672973
29c11459,train,0.0264144986867904,0.1229879260063171
29ec7d0e,train,0.3482963740825653,0.6628912687301636
2bcee788,train,0.0386536344885826,0.0303189717233181
2bee17df,train,0.1824839115142822,0.3183459639549255
2c608aff,train,0.1283466666936874,0.4805435538291931
2dc579da,train,0.0487348288297653,0.0456727966666221
2dd70a9a,train,0.4249424338340759,0.2452786117792129
2dee498d,train,0.0215956103056669,0.0360951647162437
31aa019c,train,0.0144415125250816,0.0196987781673669
321b1fc6,train,0.0575636029243469,0.0321203731000423
32597951,train,0.098925732076168,0.1148359403014183
3345333e,train,0.0713100582361221,0.1455928385257721
3428a4f5,train,0.0329737551510334,0.0327734649181366
3618c87e,train,0.0142323579639196,0.0154184000566601
3631a71a,train,1.265014886856079,1.581132411956787
363442ee,train,0.1713691651821136,0.2914704084396362
36d67576,train,0.0531126409769058,0.085357591509819
36fdfd69,train,0.2817823588848114,0.8719769716262817
3906de3d,train,0.0078747244551777,0.0160624720156192
39a8645d,train,0.0354600362479686,0.0158474929630756
39e1d7f9,train,1.3165943622589111,1.4757952690124512
3aa6fb7a,train,0.0459304451942443,0.0752264857292175
3ac3eb23,train,0.0486858412623405,0.1193567886948585
3af2c5a8,train,0.0703542232513427,0.0556699112057685
3bd67248,train,0.0298571400344371,0.024147305637598
3bdb4ada,train,0.1962396055459976,0.206543743610382
3befdf3e,train,0.0581798553466796,0.3349461853504181
3c9b0459,train,0.0170986913144588,0.0132712954655289
3de23699,train,0.0420078262686729,0.0530140772461891
3e980e27,train,0.0466377511620521,0.1191184818744659
3eda0437,train,0.0488152951002121,0.0533176325261592
3f7978a0,train,0.0820108950138092,0.1428824514150619
40853293,train,0.1434467285871505,0.1833185851573944
4093f84a,train,0.102841630578041,0.1080264300107956
41e4d17e,train,0.8214524984359741,0.769059956073761
4258a5f9,train,0.0178883392363786,0.0285828933119773
4290ef0e,train,0.2544005513191223,0.4005928933620453
42a50994,train,0.090135782957077,0.0971767008304596
4347f46a,train,0.1096117198467254,0.2293350100517273
444801d8,train,0.0455342531204223,0.097449891269207
445eab21,train,0.0266100373119115,0.0136592239141464
447fd412,train,0.0152724292129278,0.0436379462480545
44d8ac46,train,0.1230462789535522,0.1355205178260803
44f52bb0,train,0.0042941505089402,0.004266791511327
4522001f,train,0.0328756421804428,0.0839243680238723
4612dd53,train,0.0150513108819723,0.0227867476642131
46442a0e,train,0.0915930196642875,0.0895270407199859
469497ad,train,0.5641505122184753,2.054063558578491
46f33fce,train,0.193326398730278,0.2056434750556945
47c1f68c,train,0.0688441097736358,0.0702373832464218
484b58aa,train,1.0935953855514526,1.5701992511749268
48d8fb45,train,0.0129971830174326,0.0168335288763046
4938f0c2,train,0.041995745152235,0.0488752499222755
496994bd,train,0.038144439458847,0.091113656759262
49d1d64f,train,0.0326531007885932,0.0261904150247573
4be741c5,train,0.0159931704401969,0.0157040804624557
4c4377d9,train,0.0366550125181674,0.0387340933084487
4c5c2cf0,train,0.0976708233356475,0.1399783492088318
50846271,train,0.5129841566085815,0.7156389951705933
508bd3b6,train,0.0594061017036438,0.0724368691444397
50cb2852,train,0.1420671492815017,0.2496268004179
5117e062,train,0.0204371586441993,0.0452328994870185
5168d44c,train,0.0137690659612417,0.0290184915065765
539a4f51,train,0.0987267941236496,0.1351280659437179
53b68214,train,0.0144902002066373,0.1134224534034729
543a7ed5,train,0.6205568909645081,0.5976088643074036
54d82841,train,0.0367028377950191,0.0624365508556366
54d9e175,train,0.1040478721261024,0.1995614469051361
5521c0d9,train,0.0562678836286067,0.1021221354603767
5582e5ca,train,0.0162980984896421,0.0251665823161602
5614dbcf,train,0.0240931287407875,0.0192210711538791
56dc2b01,train,0.0578962489962577,0.051217183470726
56ff96f3,train,0.057536881417036,0.1337526142597198
57aa92db,train,0.1526092737913131,0.4017814397811889
5ad4f10b,train,0.0278379973024129,0.0240216944366693
5bd6f4ac,train,0.0263578500598669,0.0440551564097404
5c0a986e,train,0.0123934401199221,0.0120670516043901
5c2c9af4,train,0.5415098071098328,0.4818648099899292
5daaa586,train,0.1688365638256073,0.1443538516759872
60b61512,train,0.031494952738285,0.0813271179795265
6150a2bd,train,0.0093478178605437,0.0170560739934444
623ea044,train,0.0802743136882782,0.1336351633071899
62c24649,train,0.0269225388765335,0.024969769641757
63613498,train,0.0878985747694969,0.0918968245387077
6430c8c4,train,0.0113507574424147,0.009091000072658
6455b5f5,train,0.0899547040462493,0.1149909868836402
662c240a,train,0.0305125582963228,0.0309427306056022
67385a82,train,0.0365920290350914,0.0599176324903965
673ef223,train,0.1860051602125167,0.3510611951351166
6773b310,train,0.0065193860791623,0.0079743033275008
67a3c6ac,train,0.0629716143012046,0.0177066400647163
67a423a3,train,0.0356311276555061,0.0724616646766662
67e8384a,train,0.0530848912894725,0.050758983939886
681b3aeb,train,0.0396188050508499,0.0562631115317344
6855a6e4,train,0.0476735234260559,0.0780743956565857
68b16354,train,0.0502433404326438,0.0639253333210945
694f12f3,train,0.0419784970581531,0.0740192979574203
6a1e5592,train,0.007669607643038,0.0099777970463037
6aa20dc0,train,1.0211354494094849,0.5925726890563965
6b9890af,train,0.1698897182941436,0.3124339580535888
6c434453,train,0.0135828703641891,0.0172753874212503
6cdd2623,train,0.0794248282909393,0.1831023395061493
6cf79266,train,0.6838263273239136,0.4394155740737915
6d0160f0,train,0.1043854728341102,0.0992078706622123
6d0aefbc,train,0.0344855822622776,0.0586399957537651
6d58a25d,train,0.1534425020217895,0.3044756054878235
6d75e8bb,train,0.0798865780234336,0.1167412176728248
6e02f1e3,train,0.0117873232811689,0.0128196384757757
6e19193c,train,0.0912043303251266,0.0946051180362701
6e82a1ae,train,0.0116957258433103,0.0143296550959348
6ecd11f4,train,0.0383595377206802,0.0519431047141552
6f8cd79b,train,0.0685882866382598,0.1302998512983322
6fa7a44f,train,0.0431374981999397,0.0394316911697387
72322fa7,train,0.0802592635154724,0.0880530774593353
72ca375d,train,0.02863435074687,0.0747756212949752
73251a56,train,0.9072319865226746,0.5606607794761658
7447852a,train,0.0359664782881736,0.0703360587358474
7468f01a,train,0.1400432586669922,0.1216664090752601
746b3537,train,0.0126866791397333,0.0199231524020433
74dd1130,train,0.0138163277879357,0.0203866176307201
75b8110e,train,0.0722898617386818,0.0697964876890182
760b3cac,train,0.0799458473920822,0.0733813270926475
776ffc46,train,0.1378649026155471,0.2231484502553939
77fdfe62,train,0.0286389626562595,0.0642723143100738
780d0b14,train,0.0255276039242744,0.0348408296704292
7837ac64,train,0.0169158987700939,0.0328335426747798
794b24be,train,0.0019340340513736,0.0015654966700822
7b6016b9,train,0.4939746260643005,0.7569043636322021
7b7f7511,train,0.0177941769361495,0.0453208908438682
7c008303,train,0.0377937480807304,0.0327661149203777
7ddcd7ec,train,0.0396061465144157,0.1033434122800827
7df24a62,train,0.1143278181552887,0.104309543967247
7e0986d6,train,0.0640416145324707,0.2447767257690429
7f4411dc,train,0.085569642484188,0.1057733371853828
7fe24cdd,train,0.0691406428813934,0.0432586334645748
80af3007,train,0.1434968709945678,0.1640881896018982
810b9b61,train,0.0486479513347148,0.0583450198173522
82819916,train,0.0540854036808013,0.1454823464155197
83302e8f,train,1.1587400436401367,1.5234980583190918
834ec97d,train,0.0293106269091367,0.0735494866967201
8403a5d5,train,0.0715038105845451,0.0293285064399242
846bdb03,train,0.0809261873364448,0.1137123107910156
855e0971,train,0.3318471312522888,0.3631266057491302
85c4e7cd,train,0.127771258354187,0.4878051877021789
868de0fa,train,0.1112528815865516,0.2986036539077759
8731374e,train,0.2142768800258636,0.4286042153835296
88a10436,train,0.0144177628681063,0.016486432403326
88a62173,train,0.0090067721903324,0.0104780308902263
890034e9,train,0.3750790953636169,0.1344548314809799
8a004b2b,train,0.0595730692148208,0.2334098219871521
8be77c9e,train,0.0030890107154846,0.0019911942072212
8d5021e8,train,0.0568190440535545,0.0599207989871501
8d510a79,train,0.0242675933986902,0.0507166534662246
8e1813be,train,0.0817450284957885,0.2313669174909591
8e5a5113,train,0.0533513836562633,0.0913766473531723
8eb1be9a,train,0.4162970781326294,0.0258583147078752
8efcae92,train,0.0787601396441459,0.0967264771461486
8f2ea7aa,train,0.1104887276887893,0.0308815855532884
90c28cc7,train,0.0288555528968572,0.0378646180033683
90f3ed37,train,0.1108352392911911,0.1450387835502624
913fb3ed,train,0.0468446351587772,0.0836369842290878
91413438,train,0.098894864320755,0.1167011931538581
91714a58,train,0.0481182858347892,0.051036175340414
9172f3a0,train,0.0836822688579559,0.115409106016159
928ad970,train,0.0799540355801582,0.3328574299812317
93b581b8,train,0.0632815062999725,0.0321571677923202
941d9a10,train,0.1014439314603805,0.1315866112709045
94f9d214,train,0.0043454836122691,0.0058450158685445
952a094c,train,0.0782451406121254,0.0513605028390884
9565186b,train,0.0068137384951114,0.0097620170563459
95990924,train,0.0483588799834251,0.1342990100383758
963e52fc,train,0.0365137085318565,0.0334685780107975
97999447,train,0.0418762862682342,0.065818928182125
97a05b5b,train,0.0583378486335277,0.0933600068092346
98cf29f8,train,0.0581896752119064,0.1445489972829818
995c5fa3,train,0.0308589674532413,0.0432403683662414
99b1bc43,train,0.0158450417220592,0.0203425958752632
99fa7670,train,0.0352689363062381,0.085266888141632
9aec4887,train,0.1139848083257675,0.1350473463535308
9af7a82c,train,0.0179221238940954,0.038236416876316
9d9215db,train,0.0587301030755043,0.1660451143980026
9dfd6313,train,0.0174977257847785,0.0432543791830539
9ecd008a,train,0.0317675583064556,0.0462393388152122
9edfc990,train,0.3362171351909637,0.3771237432956695
9f236235,train,0.0234985910356044,0.0259974934160709
a1570a43,train,0.0175048317760229,0.0215918906033039
a2fd1cf0,train,0.1060615479946136,0.1203388646245002
a3325580,train,0.0499747544527053,0.0326077863574028
a3df8b1e,train,0.0034684874117374,0.0037611240986734
a416b8f3,train,0.0333094112575054,0.0576227307319641
a48eeaf7,train,0.0174501985311508,0.0239919144660234
a5313dff,train,0.0174157284200191,0.0246736798435449
a5f85a15,train,0.0237941779196262,0.0888184010982513
a61ba2ce,train,0.04930230230093,0.0594018697738647
a61f2674,train,0.0018677143380045,0.0038334063719958
a64e4611,train,0.9593037366867064,1.0660383701324463
a65b410d,train,0.0060271695256233,0.0106340199708938
a68b268e,train,0.0924704670906066,0.1032142490148544
a699fb00,train,0.0080607421696186,0.0134280081838369
a740d043,train,0.0192298460751771,0.008267855271697
a78176bb,train,0.0768973529338836,0.0093186916783452
a79310a0,train,0.0020356187596917,0.0034367083571851
a85d4709,train,0.0038683216553181,0.0064277034252882
a87f7484,train,0.0440425835549831,0.0376299545168876
a8c38be5,train,0.1459003090858459,0.1669959723949432
a8d7556c,train,0.5467823147773743,0.5422539114952087
a9f96cdd,train,0.0146014299243688,0.0097124399617314
aabf363d,train,0.0290020033717155,0.0066308761015534
aba27056,train,0.0651289820671081,0.1072514653205871
ac0a08a4,train,0.2649522423744201,0.3490743339061737
ae3edfdc,train,0.0301697365939617,0.0222983807325363
ae4f1146,train,0.0398594513535499,0.0326810702681541
aedd82e4,train,0.0036259084008634,0.0057007358409464
af902bf9,train,0.0265286825597286,0.042495809495449
b0c4d837,train,0.0230944119393825,0.0113014262169599
b190f7f5,train,0.0737377554178237,0.1777133643627166
b1948b0a,train,0.0359225571155548,0.0330010615289211
b230c067,train,0.0035023465752601,0.0052160457707941
b27ca6d3,train,0.0384377315640449,0.1524257659912109
b2862040,train,0.6501200795173645,1.1361578702926636
b527c5c6,train,0.1926392167806625,0.4089016914367676
b548a754,train,0.04656982421875,0.2214871942996978
b60334d2,train,0.059867013245821,0.0691737681627273
b6afb2da,train,0.0419986322522163,0.0403539352118968
b7249182,train,0.0798114538192749,0.1454539597034454
b775ac94,train,0.1143145412206649,0.1755389273166656
b782dc8a,train,0.5994534492492676,0.6239683628082275
b8825c91,train,0.6529941558837891,0.6930224299430847
b8cdaf2b,train,0.0206091180443763,0.0576242804527282
b91ae062,train,0.1487132310867309,0.4667006134986877
b94a9452,train,0.0804555267095565,0.2711865305900574
b9b7f026,train,0.0049114846624433,0.007531645707786
ba26e723,train,0.0457078590989112,0.0672494173049926
ba97ae07,train,0.0552225783467292,0.0750987231731414
bb43febb,train,0.0733923688530922,0.1092797666788101
bbc9ae5d,train,0.0461442284286022,0.0318730399012565
bc1d5164,train,0.020457562059164,0.0039416174404323
bd4472b8,train,0.0286942869424819,0.1134857013821601
bda2d7a6,train,0.0945933684706687,0.112770989537239
bdad9b1f,train,0.0385464504361152,0.0440478660166263
be94b721,train,0.0321119166910648,0.0332101210951805
beb8660c,train,0.029666319489479,0.0808065235614776
c0f76784,train,0.1698604524135589,0.181339144706726
c1d99e64,train,0.2390248477458953,1.1788089275360107
c3e719e8,train,0.2179002165794372,0.1120166331529617
c3f564a4,train,0.2825138568878174,0.4692519605159759
c444b776,train,0.1567771136760711,0.3027257919311523
c59eb873,train,0.0405830144882202,0.1813449561595916
c8cbb738,train,0.0804792270064354,0.319834291934967
c8f0f002,train,0.025681734085083,0.0274322479963302
c909285e,train,0.2015614509582519,0.2097769379615783
c9e6f938,train,0.0264740251004695,0.0498641170561313
c9f8e694,train,0.0605034977197647,0.3406864106655121
caa06a1f,train,0.1488341391086578,1.398195505142212
cbded52d,train,0.0171463135629892,0.0468324944376945
cce03e0d,train,0.0153584890067577,0.0315142162144184
cdecee7f,train,0.0372882336378097,0.0465543195605278
ce22a75a,train,0.0047850683331489,0.0119827967137098
ce4f8723,train,0.0104486979544162,0.0133057041093707
ce602527,train,0.0699917674064636,0.0638204589486122
ce9e57f2,train,0.0497411116957664,0.0771459937095642
cf98881b,train,0.0279558356851339,0.0488527342677116
d037b0a7,train,0.0134398667141795,0.0253493636846542
d06dbe63,train,0.0857798904180526,0.0921633690595626
d07ae81c,train,0.3065626323223114,0.705439567565918
d0f5fe59,train,0.0273996796458959,0.0492907091975212
d10ecb37,train,0.0135226128622889,0.0270343776792287
d13f3404,train,0.0354730039834976,0.0484670996665954
d22278a0,train,0.1328670978546142,0.3599857687950134
d23f8c26,train,0.0069962362758815,0.0184914320707321
d2abd087,train,0.0091624660417437,0.0100185004994273
d364b489,train,0.0914787724614143,0.1200649589300155
d406998b,train,0.0313737615942955,0.0439246371388435
d43fd935,train,0.0606589615345001,0.0556646697223186
d4469b4b,train,0.0199163742363452,0.0198270864784717
d4a91cb9,train,0.0409940108656883,0.0524478331208229
d4f3cd78,train,0.1386982500553131,0.1344538778066635
d511f180,train,0.0216298811137676,0.0282739214599132
d5d6de2d,train,0.0132696591317653,0.0680908560752868
d631b094,train,0.0096560036763548,0.0136772356927394
d687bc17,train,0.0980367064476013,0.1249160021543502
d6ad076f,train,0.1219102665781974,0.1019113287329673
d89b689b,train,0.0135956928133964,0.013753393664956
d8c310e9,train,0.0245548747479915,0.0503448843955993
d90796e8,train,0.0235079880803823,0.0467491075396537
d9f24cd1,train,0.0272818598896265,0.0492124408483505
d9fac9be,train,0.0052115363068878,0.0044545354321599
dae9d2b5,train,0.0232016127556562,0.0274003930389881
db3e9e38,train,0.0644707605242729,0.1956849843263626
db93a21d,train,0.2590207159519195,0.8325035572052002
dbc1a6ce,train,0.1186377853155136,0.4101572632789612
dc0a314f,train,0.1424338519573211,0.1841858923435211
dc1df850,train,0.0078474786132574,0.0273926481604576
dc433765,train,0.0058593093417584,0.005901048425585
ddf7fa4f,train,0.0924293845891952,0.1969831585884094
de1cd16c,train,0.0055034831166267,0.0026213596574962
ded97339,train,0.0995309799909591,0.1044662147760391
e179c5f4,train,0.1141819506883621,0.2230442464351654
e21d9049,train,0.0738411545753479,0.0736080929636955
e26a3af2,train,0.2906259894371032,0.2999816238880157
e3497940,train,0.0338018909096717,0.0291928797960281
e40b9e2f,train,0.0495267622172832,0.037590317428112
e48d4e1a,train,0.0559394396841526,0.1341898590326309
e5062a87,train,0.1298251450061798,0.124240443110466
e509e548,train,0.0855687111616134,0.0942657142877578
e50d258f,train,0.1017137095332145,0.0919792354106903
e6721834,train,0.0894609689712524,0.5103761553764343
e73095fd,train,0.2246284335851669,0.3131199479103088
e76a88a6,train,0.0866558104753494,0.0513551831245422
e8593010,train,0.0741839036345481,0.0851821303367614
e8dc4411,train,0.3216132521629333,0.2086353749036789
e9614598,train,0.0082859899848699,0.0127862719818949
e98196ab,train,0.0413389056921005,0.110832579433918
e9afcf9a,train,0.0286300107836723,0.0209774747490882
ea32f347,train,0.0143041582778096,0.0177674368023872
ea786f4a,train,0.0143935978412628,0.3708548843860626
eb281b96,train,0.2444906234741211,0.2898654639720917
eb5a1d5d,train,0.1480096131563186,0.220977172255516
ec883f72,train,0.0649824813008308,0.06643807888031
ecdecbb3,train,0.1938257217407226,0.3849386274814605
ed36ccf7,train,0.0253887362778186,0.013498730957508
ef135b50,train,0.1088311597704887,0.0838196724653244
f15e1fac,train,0.3048149943351745,0.4602037966251373
f1cefba8,train,0.2295758426189422,0.4611361920833587
f25fbde4,train,0.0534476041793823,0.1000461876392364
f25ffba3,train,0.0587529614567756,0.0660910457372665
f2829549,train,0.0104648796841502,0.0111028272658586
f35d900a,train,0.1457360684871673,0.1350248754024505
f5b8619d,train,0.2174537479877472,0.2756283581256866
f76d97a5,train,0.0346410013735294,0.0196106079965829
f8a8fe49,train,0.0452587231993675,0.0660250931978225
f8b3ba0a,train,0.01201743632555,0.0142545895650982
f8c80d96,train,0.1793373525142669,0.0947136208415031
f8ff0b80,train,0.0112751349806785,0.0112368892878293
f9012d9b,train,0.0110345538705587,0.0527709536254406
fafffa47,train,0.0036866597365587,0.0029483512043952
fcb5c309,train,0.0683899223804473,0.2467925697565078
fcc82909,train,0.0540229305624961,0.0703347474336624
feca6190,train,0.1203872188925743,0.5337902307510376
ff28f65a,train,0.0040164003148674,0.0047173681668937
ff805c23,train,0.088516317307949,0.1436205506324768
00576224,eval,0.1040460616350174,0.0949694961309433
009d5c81,eval,0.0432226955890655,0.1288985610008239
00dbd492,eval,0.0777381807565689,0.3557116687297821
03560426,eval,0.041499450802803,0.0751715153455734
05a7bcf2,eval,1.468310832977295,2.1399288177490234
0607ce86,eval,0.3366405367851257,0.6786834001541138
0692e18c,eval,0.0968662127852439,0.0477310419082641
070dd51e,eval,0.1383412480354309,0.1806126534938812
08573cc6,eval,0.0863136649131774,0.3665878176689148
0934a4d8,eval,0.1394490450620651,0.1604829132556915
09c534e7,eval,0.1129121780395507,0.7413067817687988
0a1d4ef5,eval,0.0403141044080257,0.0481951907277107
0a2355a6,eval,0.0309233125299215,0.0921368971467018
0b17323b,eval,0.0052352114580571,0.0045517198741436
0bb8deee,eval,0.0765803158283233,0.0895997136831283
0becf7df,eval,0.0542639195919036,0.0875026881694793
0c786b71,eval,0.1121797189116478,0.1493723392486572
0c9aba6e,eval,0.0549450144171714,0.0510134883224964
0d87d2a6,eval,0.03549400344491,0.066910021007061
0e671a1a,eval,0.0977362245321273,0.0961241424083709
0f63c0b9,eval,0.317583680152893,0.2682832479476928
103eff5b,eval,0.045855164527893,0.0922576040029525
11e1fe23,eval,0.0221954956650733,0.0394499190151691
12422b43,eval,0.0526758506894111,0.0568546950817108
12997ef3,eval,0.055968802422285,0.1067926287651062
12eac192,eval,0.0707490667700767,0.0618117861449718
136b0064,eval,0.0409005507826805,0.0654167979955673
13713586,eval,0.2917718291282654,0.327078104019165
137f0df0,eval,0.0675331130623817,0.0789773613214492
140c817e,eval,0.2949356734752655,0.5199085474014282
14754a24,eval,0.3565350472927093,0.6030207872390747
15113be4,eval,0.4566415250301361,0.5483794212341309
15663ba9,eval,0.1278644204139709,0.145919531583786
15696249,eval,0.061186596751213,0.1001890525221824
16b78196,eval,0.4256104826927185,0.4778131246566772
17b80ad2,eval,0.129640907049179,0.3252549767494201
17cae0c1,eval,0.0491192787885665,0.085744485259056
18419cfa,eval,0.2333592027425766,0.7502552270889282
184a9768,eval,0.1309785544872284,0.9154594540596008
195ba7dc,eval,0.0061728684231638,0.006175891496241
1990f7a8,eval,0.0617379695177078,0.0621341653168201
19bb5feb,eval,0.0093187522143125,0.0135736111551523
1a2e2828,eval,0.0053111189045012,0.0075071295723319
1a6449f1,eval,0.095664843916893,0.1594419479370117
1acc24af,eval,0.0260177440941333,0.0264715608209371
1c02dbbe,eval,0.1287581324577331,0.3184151947498321
1c0d0a4b,eval,0.0190518982708454,0.0412415936589241
1c56ad9f,eval,0.1372924149036407,0.2730145752429962
1d0a4b61,eval,0.4841014742851257,0.7237118482589722
1d398264,eval,0.1573596894741058,0.0886020958423614
1da012fc,eval,0.1375722587108612,0.3146972954273224
1e81d6f9,eval,0.0980605632066726,0.1396220922470092
1e97544e,eval,0.939172863960266,1.3761520385742188
2037f2c7,eval,0.0797471851110458,0.0873158946633338
2072aba6,eval,0.0098965680226683,0.011068919673562
20818e16,eval,0.1747577041387558,0.1474012732505798
20981f0e,eval,0.0197850745171308,0.0233538970351219
212895b5,eval,0.2285806387662887,0.4041694104671478
21f83797,eval,0.0442017987370491,0.0576809272170066
22a4bbc2,eval,0.1091955676674842,0.1353911757469177
25094a63,eval,1.9753010272979736,2.020248413085937
2546ccf6,eval,0.2627876996994018,1.038092851638794
256b0a75,eval,0.7024483680725098,1.5103893280029297
2685904e,eval,0.0512980483472347,0.0658713430166244
2697da3f,eval,0.1536669433116912,0.2300828546285629
2753e76c,eval,0.0400085300207138,0.0526825487613678
27a77e38,eval,0.0286320354789495,0.1201634183526039
27f8ce4f,eval,0.1134292408823967,0.2132268249988556
281123b4,eval,0.1076684296131134,0.1185980141162872
292dd178,eval,0.2514152228832245,0.1547028571367263
29700607,eval,0.0970210582017898,0.1222209632396698
2a5f8217,eval,0.1118174791336059,0.18499356508255
2b01abd0,eval,0.0607787817716598,0.0922802686691284
2c0b0aff,eval,0.4644351601600647,0.5168852806091309
2c737e39,eval,0.0232512336224317,0.0561820715665817
2f0c5170,eval,0.0572220794856548,0.0700515285134315
310f3251,eval,0.0998543351888656,0.0907395780086517
3194b014,eval,0.0483727566897869,0.048476655036211
319f2597,eval,0.9545862078666688,0.9244335889816284
31adaf00,eval,0.1158708333969116,0.1261779069900512
31d5ba1a,eval,0.032477606087923,0.0362084619700908
32e9702f,eval,0.051595002412796,0.1826530694961547
332efdb3,eval,0.0035967612639069,0.0100373262539505
3391f8c0,eval,0.0480448529124259,0.115540437400341
33b52de3,eval,0.1677908152341842,0.2863939106464386
3490cc26,eval,0.4471046924591064,0.5713119506835938
34b99a2b,eval,0.0126892644912004,0.0118795465677976
351d6448,eval,0.021179711446166,0.07134410738945
358ba94e,eval,0.1336071491241455,0.0314051173627376
37d3e8b2,eval,0.1667505502700805,0.2636192440986633
3979b1a8,eval,0.2223879694938659,0.3152269721031189
3a301edc,eval,0.0946385264396667,1.014005422592163
3b4c2228,eval,0.0039425524882972,0.0053242174908518
3d31c5b3,eval,0.0868635028600692,0.0694228634238243
3ed85e70,eval,0.4530313014984131,0.4065083563327789
3ee1011a,eval,0.1752562522888183,0.3543455600738525
3f23242b,eval,0.1047703176736831,0.2650689482688904
40f6cd08,eval,0.6401429176330566,0.6365368366241455
414297c0,eval,0.164912149310112,0.4785371720790863
423a55dc,eval,0.0477920435369014,0.1291994303464889
42918530,eval,0.3291094005107879,0.7744172215461731
42a15761,eval,0.027913000434637,0.0595250315964221
4364c1c4,eval,0.2827997803688049,0.7275638580322266
456873bc,eval,0.0798126608133316,0.1795085072517395
45737921,eval,0.0569092445075511,0.0300714056938886
45bbe264,eval,0.235051155090332,0.2612115740776062
477d2879,eval,0.332109272480011,0.4504643678665161
47996f11,eval,2.843324661254883,2.7331879138946533
48131b3c,eval,0.1120626255869865,0.0253966338932514
4852f2fa,eval,0.100271001458168,0.123302012681961
48f8583b,eval,0.0734739005565643,0.2628329992294311
4aab4007,eval,1.585206389427185,2.0010013580322266
4acc7107,eval,0.0867005288600921,0.0365693271160125
4b6b68e5,eval,0.2334648221731186,0.9617118239402772
4c177718,eval,0.0286316461861133,0.0337437316775321
4cd1b7b2,eval,0.0096493307501077,0.0104531906545162
4e45f183,eval,0.4995635449886322,0.2465512305498123
4e469f39,eval,0.0513567738234996,0.0734918639063835
4f537728,eval,0.098070204257965,0.3617558479309082
4ff4c9da,eval,0.1881841272115707,0.2718448936939239
505fff84,eval,0.0199112929403781,0.0255336686968803
506d28a5,eval,0.0139626469463109,0.0193883161991834
50a16a69,eval,0.4102225303649902,0.0841798558831214
50aad11f,eval,0.0602197349071502,0.0937288552522659
50f325b5,eval,0.3523882627487182,0.388266384601593
516b51b7,eval,0.0212785340845584,0.0922664850950241
5207a7b5,eval,0.1472158879041671,0.1794538795948028
5289ad53,eval,0.0154374446719884,0.0175628196448087
52fd389e,eval,0.5288910269737244,1.2363842725753784
54db823b,eval,0.1748432517051696,0.2125356644392013
55059096,eval,0.0411234013736248,0.0513069480657577
551d5bf1,eval,0.7096350789070129,1.2090047597885132
55783887,eval,0.3309063613414764,0.3698650896549225
575b1a71,eval,0.0807049423456192,0.0701737776398658
5783df64,eval,0.0448469966650009,0.0473962873220443
5833af48,eval,0.1658289432525634,0.3907961547374725
58743b76,eval,0.1641896814107895,0.3127094507217407
58e15b12,eval,0.3338977694511413,0.4023410677909851
59341089,eval,0.0591446794569492,0.0564064532518386
5a5a2103,eval,0.337698221206665,1.231593370437622
5af49b42,eval,0.0697143599390983,0.1308704167604446
5b526a93,eval,0.2843520045280456,0.7063122987747192
5b692c0f,eval,0.060912150889635,0.4463486075401306
5b6cbef5,eval,0.1132948920130729,0.0862255990505218
5d2a5c43,eval,0.0866616740822792,0.0825346857309341
5ffb2104,eval,0.0284885521978139,0.0621489994227886
604001fa,eval,0.0588746480643749,0.128605306148529
60a26a3e,eval,0.0213049557060003,0.0211450830101966
60c09cac,eval,0.0638472884893417,0.0896789357066154
626c0bcc,eval,0.0123588405549526,0.0115943904966115
62ab2642,eval,0.204328715801239,0.1214568465948104
62b74c02,eval,0.0418886542320251,0.0348359569907188
639f5a19,eval,0.1334481537342071,0.1919168829917907
642248e4,eval,0.0735398977994918,0.1677081882953643
642d658d,eval,0.0050207357853651,0.0029631331562995
64a7c07e,eval,0.0627193674445152,0.1164517104625701
66e6c45b,eval,0.0150191476568579,0.0123362345620989
66f2d22f,eval,0.0325027517974376,0.0471127554774284
67636eac,eval,0.0505464971065521,0.0815954953432083
67b4a34d,eval,0.0947951227426529,0.0820500254631042
67c52801,eval,0.0355526246130466,0.0501725524663925
68b67ca3,eval,0.0142453648149967,0.0225507598370313
692cd3b6,eval,0.1386043429374694,0.1482098549604416
695367ec,eval,0.3845176696777344,0.2004148215055465
696d4842,eval,0.1140070408582687,0.0724824592471122
69889d6e,eval,0.0168727356940507,0.0148338051512837
6a11f6da,eval,0.0741476267576217,0.0691589936614036
6ad5bdfd,eval,0.0457237958908081,0.1052830517292022
6df30ad6,eval,0.028191739693284,0.0051514296792447
6ea4a07e,eval,0.0068853716365993,0.0089272297918796
6f473927,eval,0.1417867839336395,0.3902396857738495
7039b2d7,eval,0.0690576881170272,0.0214707739651203
705a3229,eval,0.065522126853466,0.1457969844341278
712bf12e,eval,0.1524605453014373,0.1903014183044433
72207abc,eval,0.0145053826272487,0.0191479437053203
72a961c9,eval,0.0168746560811996,0.037242867052555
73182012,eval,0.0433190613985061,0.0662536025047302
73c3b0d8,eval,0.0248889904469251,0.0273996591567993
73ccf9c2,eval,0.0329020731151104,0.1942245662212371
759f3fd3,eval,0.3404097557067871,0.1978626847267151
762cd429,eval,0.1321861743927002,0.9434606432914734
770cc55f,eval,0.0385978035628795,0.0637685656547546
782b5218,eval,0.0974030718207359,0.2678138017654419
79369cc6,eval,0.4978052973747253,0.4400835633277893
7953d61e,eval,0.1389134675264358,0.1483338624238968
79fb03f4,eval,0.1111672148108482,0.5868567824363708
7bb29440,eval,0.0408174246549606,0.0418092012405395
7c8af763,eval,0.0719949156045913,0.0823525935411453
7c9b52a0,eval,0.0288195759057998,0.0518216267228126
7d18a6fb,eval,0.0817063003778457,0.1145370602607727
7d1f7ee8,eval,0.3719043135643005,0.6386176347732544
7d419a02,eval,0.3890883326530456,0.9397279024124146
7e02026e,eval,0.4150499701499939,0.3977632522583008
7ee1c6ea,eval,0.1724823415279388,0.1921179294586181
817e6c09,eval,0.0921964347362518,0.121890902519226
81c0276b,eval,0.0264435969293117,0.0425907745957374
833dafe3,eval,0.0541943199932575,0.6272685527801514
845d6e51,eval,0.0794222876429557,0.1760198175907135
84db8fc4,eval,0.0623126737773418,0.0566928163170814
84f2aca1,eval,0.0599294751882553,0.089654266834259
8597cfd7,eval,0.0115747079253196,0.0173864923417568
85b81ff1,eval,0.20550537109375,0.3633347153663635
85fa5666,eval,0.1304185837507248,0.0906272009015083
8719f442,eval,0.1881010234355926,0.2211506962776184
88207623,eval,0.1455397605895996,0.23611481487751
891232d6,eval,0.3924791514873504,0.5787336826324463
896d5239,eval,0.1417251825332641,0.2233738154172897
8a371977,eval,0.1417639553546905,0.4321200847625732
8b28cd80,eval,0.1826856583356857,0.1542696505784988
8ba14f53,eval,0.0288525559008121,0.0219672620296478
8cb8642d,eval,0.1070600450038909,0.49073526263237
8dae5dfc,eval,0.2655713260173797,0.5231273770332336
8e2edd66,eval,0.1279789209365844,0.0091698467731475
8ee62060,eval,0.0362395383417606,0.109784685075283
8fbca751,eval,0.0802786350250244,0.12480029463768
90347967,eval,0.010448545217514,0.0237999018281698
903d1b4a,eval,0.6093218326568604,0.8149144649505615
9110e3c5,eval,0.0295414980500936,0.0328830294311046
917bccba,eval,0.060830146074295,0.2029473185539245
929ab4e9,eval,2.1118946075439453,1.616142988204956
92e50de0,eval,0.6624762415885925,0.9715906381607056
9356391f,eval,0.2237754166126251,0.2546721994876861
93b4f4b3,eval,0.0975661352276802,0.3951804041862488
93c31fbe,eval,0.1184252351522445,0.1748953759670257
94133066,eval,0.0966800674796104,0.1829021871089935
94414823,eval,0.0775906890630722,0.0990323200821876
94be5b80,eval,0.1189998015761375,0.1732609868049621
95a58926,eval,0.3350266814231872,0.4528987407684326
963f59bc,eval,0.0484322607517242,0.0544251650571823
96a8c0cd,eval,0.0673628523945808,0.095495656132698
97239e3d,eval,0.7180790305137634,0.7051538228988647
9772c176,eval,0.9446237087249756,0.5185146331787109
981571dc,eval,3.100186347961426,2.5252180099487305
992798f6,eval,0.026131983846426,0.0287032350897789
99306f82,eval,0.117523044347763,0.4083291590213775
9a4bb226,eval,0.0358099490404129,0.0382901914417743
9b2a60aa,eval,0.1008347868919372,0.1479239463806152
9b365c51,eval,0.0475757233798503,0.1294323652982711
9b4c17c4,eval,0.2439170926809311,0.1428168416023254
9bebae7a,eval,0.0484276041388511,0.0586082674562931
9c1e755f,eval,0.1079132109880447,0.1252873688936233
9c56f360,eval,0.1146036610007286,0.205998808145523
9caba7c3,eval,0.6062632203102112,0.671478807926178
9ddd00f0,eval,0.0590732842683792,0.0471563041210174
9def23fe,eval,0.1121891066431999,0.1577254384756088
9f27f097,eval,0.0428676307201385,0.6122958064079285
a04b2602,eval,0.1149003505706787,0.1677905321121215
a096bf4d,eval,0.3447417616844177,1.1242831945419312
a3f84088,eval,0.2220923006534576,1.486384630203247
a406ac07,eval,0.138224646449089,0.0981625691056251
a57f2f04,eval,1.466097712516785,2.445643424987793
a59b95c0,eval,0.2035732716321945,0.210565447807312
a680ac02,eval,0.0825466811656951,0.0861508250236511
a8610ef7,eval,0.0313729345798492,0.0350383594632148
a934301b,eval,0.0230064745992422,0.024985060095787
aa18de87,eval,0.0271314717829227,0.0421689562499523
aa300dc3,eval,0.1430430263280868,0.1396273076534271
aa4ec2a5,eval,0.7202960848808289,1.41658353805542
aab50785,eval,0.0507923066616058,0.1007710993289947
ac0c5833,eval,0.0899524539709091,0.1567571610212326
ac2e8ecf,eval,0.1062994599342346,0.0904259234666824
ac3e2b04,eval,0.0341488048434257,0.0996599718928337
ac605cbb,eval,0.0337159037590026,0.0774579867720604
ad7e01d0,eval,0.2629060447216034,0.3472359180450439
ae58858e,eval,0.0628899186849594,0.0495838373899459
aee291af,eval,0.1374563425779342,0.177211046218872
af22c60d,eval,3.451493263244629,2.597803831100464
af24b4cc,eval,0.0280159302055835,0.019234599545598
b0722778,eval,0.0822036564350128,0.0439440906047821
b0f4d537,eval,0.0274233035743236,0.0646774098277092
b15fca0b,eval,0.0393435135483741,0.0793218314647674
b1fc8b8e,eval,0.064414158463478,0.0664710626006126
b20f7c8b,eval,0.5665237307548523,0.5521398782730103
b457fec5,eval,0.1284029185771942,0.2109056413173675
b4a43f3b,eval,0.0558825135231018,0.0825843140482902
b7999b51,eval,0.0456941835582256,0.0746736153960228
b7cb93ac,eval,0.0355088040232658,0.0772273913025856
b7f8a4d8,eval,0.3492982983589172,1.4508435726165771
b7fb29bc,eval,0.0378319025039672,0.0375116802752018
b942fd60,eval,0.0565012693405151,0.1096035093069076
b9630600,eval,0.2643433213233948,0.3054786920547485
ba9d41b8,eval,0.1848185509443283,0.8757160902023315
baf41dbf,eval,0.0648612603545188,0.1190291196107864
bb52a14b,eval,0.2321188449859619,0.4062410593032837
bbb1b8b6,eval,0.0112598137930035,0.0072366474196314
bc4146bd,eval,0.1273053586483001,0.1064436137676239
bcb3040b,eval,0.0323887839913368,0.0627104192972183
bd14c3bf,eval,0.0572191178798675,0.082628458738327
be03b35f,eval,0.002351026982069,0.0029592639766633
bf32578f,eval,0.0514512732625007,0.0040869461372494
bf699163,eval,0.0286476723849773,0.0247354861348867
bf89d739,eval,0.0377490147948265,0.0513522140681743
c074846d,eval,0.0095122819766402,0.0168845914304256
c1990cce,eval,0.0330258570611476,0.1422202438116073
c3202e5a,eval,0.0313290916383266,0.0589018873870372
c35c1b4c,eval,0.1417348980903625,0.3584670424461365
c48954c1,eval,0.2133172005414962,0.2693936824798584
c62e2108,eval,0.3091702461242676,0.5062875747680664
c64f1187,eval,0.0817005038261413,0.1271176040172577
c658a4bd,eval,0.168934553861618,0.3891816735267639
c663677b,eval,1.0441012382507324,1.694237232208252
c6e1b8da,eval,0.3019523322582245,0.3056698441505432
c7d4e6ad,eval,0.05317347869277,0.043274737894535
c87289bb,eval,0.2754184007644653,0.3297795057296753
c8b7cc0f,eval,0.020998140797019,0.0113985622301697
c92b942c,eval,0.1185314282774925,0.0546992868185043
c97c0139,eval,0.364797294139862,0.5255907773971558
ca8de6ea,eval,0.0228696763515472,0.0275493301451206
ca8f78db,eval,0.6175898313522339,1.134628415107727
cad67732,eval,0.0578380227088928,0.3379257917404175
cb227835,eval,0.0459134094417095,0.0603209510445594
ccd554ac,eval,0.2222511768341064,3.277395009994507
cd3c21df,eval,0.0165941938757896,0.0418721809983253
ce039d91,eval,0.023943543434143,0.0286731533706188
ce8d95cc,eval,0.0806352198123931,0.1937138885259628
cf133acc,eval,0.1649182438850402,0.2408366650342941
cfb2ce5a,eval,0.1091483682394027,0.1302475780248642
d017b73f,eval,0.0188062079250812,0.0224638245999813
d19f7514,eval,0.0332713797688484,0.039577592164278
d282b262,eval,0.0999323353171348,0.1829812377691269
d2acf2cb,eval,0.1377226859331131,0.2239237278699875
d304284e,eval,0.5411336421966553,0.3618569374084472
d37a1ef5,eval,0.0248904209583997,0.0446598678827285
d47aa2ff,eval,0.0362872704863548,0.057278499007225
d492a647,eval,0.2230130583047866,0.2563499808311462
d4b1c2b1,eval,0.1820203959941864,1.155203938484192
d4c90558,eval,0.066488966345787,0.1009630486369133
d56f2372,eval,0.0588222295045852,0.0643887221813201
d5c634a2,eval,0.0109156863763928,0.0154335461556911
d931c21c,eval,0.0446772314608097,0.2499136924743652
d94c3b52,eval,0.4185048341751098,0.4583771228790283
da2b0fe3,eval,0.0409248732030391,0.0461694151163101
da515329,eval,0.9859312772750854,2.310962677001953
dc2aa30b,eval,0.0203822590410709,0.0199042297899723
dc2e9a9d,eval,0.1873905062675476,0.3214699625968933
dd2401ed,eval,0.0386289358139038,0.0477519705891609
de493100,eval,0.3054882884025574,0.1390247344970703
df8cc377,eval,0.1399910897016525,0.2606711983680725
e0fb7511,eval,0.1216680854558944,0.2217264175415039
e133d23d,eval,0.0069535002112388,0.0065554324537515
e1baa8a4,eval,0.0320354476571083,0.1001706421375274
e1d2900e,eval,0.0198980942368507,0.0306712053716182
e2092e0c,eval,0.3610624670982361,0.3018855154514313
e21a174a,eval,0.0649479478597641,0.0758083313703537
e345f17b,eval,0.0125914420932531,0.0164241567254066
e4075551,eval,0.2013227045536041,0.1825329959392547
e41c6fd3,eval,0.1654637902975082,0.1947836279869079
e57337a4,eval,0.0598210841417312,0.0454822182655334
e5790162,eval,0.0275579821318388,0.0735513567924499
e5c44e8f,eval,0.0917394086718559,0.0357552282512187
e619ca6e,eval,0.2534745931625366,0.2757938504219055
e633a9e5,eval,0.0527471452951431,0.0500388666987419
e66aafb8,eval,0.160306915640831,0.0604048147797584
e681b708,eval,0.1151876896619796,0.1763865649700164
e69241bd,eval,0.1129016727209091,0.1501170694828033
e6de6e8f,eval,0.0161629542708396,0.0148002076894044
e74e1818,eval,0.0552853569388389,0.2173941731452942
e760a62e,eval,1.4010103940963743,1.6919386386871338
e7639916,eval,0.0224767178297042,0.0336495861411094
e78887d1,eval,0.045135386288166,0.0565928407013416
e7a25a18,eval,0.1439521312713623,0.1459517180919647
e7b06bea,eval,0.0326781570911407,0.0472177192568779
e7dd8335,eval,0.0081836050376296,0.01664425060153
e872b94a,eval,0.0016496039461344,0.0014459586236625
e88171ec,eval,0.2949014008045196,1.384302020072937
e95e3d8e,eval,0.517822802066803,0.7278376221656799
e99362f0,eval,0.1237247586250305,0.1378523111343383
e9ac8c9e,eval,0.0759945213794708,0.2741757929325104
e9b4f6fc,eval,0.1483235955238342,0.0632374435663223
e9bb6954,eval,0.3455529808998108,0.6922717094421387
e9c9d9a1,eval,0.311456561088562,0.3509917259216308
ea959feb,eval,1.0502276420593262,1.474787712097168
ea9794b1,eval,0.0923914909362793,0.0865101739764213
ecaa0ec1,eval,0.0284916292876005,0.0231900680810213
ed74f2f2,eval,0.0080802217125892,0.017493775114417
ed98d772,eval,0.0741857439279556,0.0992826372385025
ef26cbf6,eval,0.0946948379278183,0.1176136806607246
f0afb749,eval,0.0350961610674858,0.0364384949207305
f0df5ff0,eval,0.2491911500692367,0.3936642408370971
f21745ec,eval,0.3141622841358185,0.3407714366912842
f3b10344,eval,0.7603616118431091,1.183840036392212
f3cdc58f,eval,0.0114375110715627,0.0184421986341476
f3e62deb,eval,0.0467525534331798,0.0238583870232105
f4081712,eval,0.1601558178663253,0.1336304694414138
f45f5ca7,eval,0.0266050957143306,0.0228685028851032
f5aa3634,eval,0.0528465025126934,0.0366483628749847
f5c89df1,eval,0.1064747124910354,0.1317582130432129
f823c43c,eval,0.7514122128486633,0.1601287275552749
f83cb3f6,eval,0.0595616213977336,0.0599199533462524
f8be4b64,eval,0.3082019090652466,0.3161192536354065
f9a67cb5,eval,0.1753339022397995,0.3040162324905395
f9d67f8b,eval,2.5573887825012207,2.712830066680908
fafd9572,eval,0.0501551888883113,0.1268802732229232
fb791726,eval,0.1005841717123985,0.078032374382019
fc754716,eval,0.0213074423372745,0.1761825829744339
fd096ab6,eval,0.1172376349568367,0.2495039701461792
fd4b2b02,eval,0.2899524867534637,0.1212855130434036
fe9372f3,eval,0.0952319204807281,0.271155834197998
fea12743,eval,0.1697458326816558,0.1428217887878418
ff72ca3e,eval,0.0292870085686445,0.2822685241699219
